Last updated: Mon Dec 08 2025 14:05:08 GMT-0600 (Central Standard Time),,,,,,,,
ec5_uuid,created_at,uploaded_at,title,date,plot,species_common,observer,comments
11fd052d-abbc-4292-9127-493b50b362c9,2025-11-23T17:39:54.000Z,2025-11-23T17:40:06.000Z,11fd052d-abbc-4292-9127-493b50b362c9,23/11/2025,House garden,Pansy,Owen,
b89c4f5b-0220-486b-9ac7-376069ccb4b3,2025-11-23T17:34:03.000Z,2025-11-23T17:34:14.000Z,b89c4f5b-0220-486b-9ac7-376069ccb4b3,23/11/2025,House garden,Hollyhock,Owen,
b89c4f5b-0220-486b-9ac7-376069ccb4b3,2025-11-23T17:34:03.000Z,2025-11-23T17:34:14.000Z,b89c4f5b-0220-486b-9ac7-376069ccb4b3,23/11/2025,House garden,Salvia,Owen,
b89c4f5b-0220-486b-9ac7-376069ccb4b3,2025-11-23T17:34:03.000Z,2025-11-23T17:34:14.000Z,b89c4f5b-0220-486b-9ac7-376069ccb4b3,23/11/2025,House garden,Eastern Cat-mint,Owen,
9ef914e7-3f9b-4a34-8c8f-c5cb4edadb66,2025-11-23T17:33:10.000Z,2025-11-23T17:34:11.000Z,9ef914e7-3f9b-4a34-8c8f-c5cb4edadb66,23/11/2025,Other,Chrysanthemum,Owen,
795cfb3c-8abf-4f98-98a9-fafdecfbde99,2025-11-23T17:32:46.000Z,2025-11-23T17:34:09.000Z,795cfb3c-8abf-4f98-98a9-fafdecfbde99,23/11/2025,"""Native"" garden",Pot Marigold,Owen,
795cfb3c-8abf-4f98-98a9-fafdecfbde99,2025-11-23T17:32:46.000Z,2025-11-23T17:34:09.000Z,795cfb3c-8abf-4f98-98a9-fafdecfbde99,23/11/2025,"""Native"" garden",Black-eyed Susan,Owen,
795cfb3c-8abf-4f98-98a9-fafdecfbde99,2025-11-23T17:32:46.000Z,2025-11-23T17:34:09.000Z,795cfb3c-8abf-4f98-98a9-fafdecfbde99,23/11/2025,"""Native"" garden",Sweet Alyssum,Owen,
33d7bd61-4848-410c-a8ce-74c8bde9cb0c,2025-11-21T22:45:01.000Z,2025-11-21T22:45:14.000Z,33d7bd61-4848-410c-a8ce-74c8bde9cb0c,21/11/2025,Other,Chrysanthemum,Liz,
f911d418-153d-4e04-9cd6-54f00087fe95,2025-11-21T22:44:30.000Z,2025-11-21T22:45:11.000Z,f911d418-153d-4e04-9cd6-54f00087fe95,21/11/2025,House garden,Hollyhock,Liz,
f911d418-153d-4e04-9cd6-54f00087fe95,2025-11-21T22:44:30.000Z,2025-11-21T22:45:11.000Z,f911d418-153d-4e04-9cd6-54f00087fe95,21/11/2025,House garden,Salvia,Liz,
f911d418-153d-4e04-9cd6-54f00087fe95,2025-11-21T22:44:30.000Z,2025-11-21T22:45:11.000Z,f911d418-153d-4e04-9cd6-54f00087fe95,21/11/2025,House garden,Eastern Cat-mint,Liz,
9d0f46d2-b0dc-4191-b959-2fc6e18979fa,2025-11-21T22:43:53.000Z,2025-11-21T22:45:09.000Z,9d0f46d2-b0dc-4191-b959-2fc6e18979fa,21/11/2025,"""Native"" garden",Pot Marigold,Liz,
9d0f46d2-b0dc-4191-b959-2fc6e18979fa,2025-11-21T22:43:53.000Z,2025-11-21T22:45:09.000Z,9d0f46d2-b0dc-4191-b959-2fc6e18979fa,21/11/2025,"""Native"" garden",Sweet Alyssum,Liz,
9d0f46d2-b0dc-4191-b959-2fc6e18979fa,2025-11-21T22:43:53.000Z,2025-11-21T22:45:09.000Z,9d0f46d2-b0dc-4191-b959-2fc6e18979fa,21/11/2025,"""Native"" garden",Black-eyed Susan,Liz,
a80b6a71-b83f-4948-847c-117802768f9e,2025-11-18T21:45:13.000Z,2025-11-18T21:45:24.000Z,a80b6a71-b83f-4948-847c-117802768f9e,18/11/2025,Other,Chrysanthemum,Owen,
02081fa1-0bfc-45ba-a391-f156bdf84adc,2025-11-18T21:44:58.000Z,2025-11-18T21:45:21.000Z,02081fa1-0bfc-45ba-a391-f156bdf84adc,18/11/2025,House garden,Pansy,Owen,
02081fa1-0bfc-45ba-a391-f156bdf84adc,2025-11-18T21:44:58.000Z,2025-11-18T21:45:21.000Z,02081fa1-0bfc-45ba-a391-f156bdf84adc,18/11/2025,House garden,Salvia,Owen,
02081fa1-0bfc-45ba-a391-f156bdf84adc,2025-11-18T21:44:58.000Z,2025-11-18T21:45:21.000Z,02081fa1-0bfc-45ba-a391-f156bdf84adc,18/11/2025,House garden,Eastern Cat-mint,Owen,
057afff7-d80e-4fad-9626-a6d3e2799247,2025-11-18T21:43:55.000Z,2025-11-18T21:45:19.000Z,057afff7-d80e-4fad-9626-a6d3e2799247,18/11/2025,"""Native"" garden",Pot Marigold,Owen,
057afff7-d80e-4fad-9626-a6d3e2799247,2025-11-18T21:43:55.000Z,2025-11-18T21:45:19.000Z,057afff7-d80e-4fad-9626-a6d3e2799247,18/11/2025,"""Native"" garden",Sweet Alyssum,Owen,
057afff7-d80e-4fad-9626-a6d3e2799247,2025-11-18T21:43:55.000Z,2025-11-18T21:45:19.000Z,057afff7-d80e-4fad-9626-a6d3e2799247,18/11/2025,"""Native"" garden",Black-eyed Susan,Owen,
14e30892-e930-4f0b-8d72-9e12dffb44cd,2025-11-17T20:11:32.000Z,2025-11-17T20:11:41.000Z,14e30892-e930-4f0b-8d72-9e12dffb44cd,17/11/2025,"""Native"" garden",Sweet William Catchfly,Liz,
14e30892-e930-4f0b-8d72-9e12dffb44cd,2025-11-17T20:11:32.000Z,2025-11-17T20:11:41.000Z,14e30892-e930-4f0b-8d72-9e12dffb44cd,17/11/2025,"""Native"" garden",Pot Marigold,Liz,
5604ac91-6e71-4d4c-b40d-67a4440ddffc,2025-11-17T19:59:24.000Z,2025-11-17T20:11:39.000Z,5604ac91-6e71-4d4c-b40d-67a4440ddffc,17/11/2025,House garden,Pansy,Liz,
5604ac91-6e71-4d4c-b40d-67a4440ddffc,2025-11-17T19:59:24.000Z,2025-11-17T20:11:39.000Z,5604ac91-6e71-4d4c-b40d-67a4440ddffc,17/11/2025,House garden,Hollyhock,Liz,
5604ac91-6e71-4d4c-b40d-67a4440ddffc,2025-11-17T19:59:24.000Z,2025-11-17T20:11:39.000Z,5604ac91-6e71-4d4c-b40d-67a4440ddffc,17/11/2025,House garden,Eastern Cat-mint,Liz,
5604ac91-6e71-4d4c-b40d-67a4440ddffc,2025-11-17T19:59:24.000Z,2025-11-17T20:11:39.000Z,5604ac91-6e71-4d4c-b40d-67a4440ddffc,17/11/2025,House garden,Salvia,Liz,
f35f593d-5cc9-43c2-a989-81a1d0b67304,2025-11-16T22:45:04.000Z,2025-11-16T22:45:16.000Z,f35f593d-5cc9-43c2-a989-81a1d0b67304,16/11/2025,Other,Chrysanthemum,Owen,
702ee13d-d4d1-4053-9e83-adb2b187010e,2025-11-16T22:44:36.000Z,2025-11-16T22:45:13.000Z,702ee13d-d4d1-4053-9e83-adb2b187010e,16/11/2025,"""Native"" garden",Pot Marigold,Owen,
702ee13d-d4d1-4053-9e83-adb2b187010e,2025-11-16T22:44:36.000Z,2025-11-16T22:45:13.000Z,702ee13d-d4d1-4053-9e83-adb2b187010e,16/11/2025,"""Native"" garden",Sweet Alyssum,Owen,
b4d0f97b-08dd-4797-9d13-3f5ef2b50b64,2025-11-16T22:43:48.000Z,2025-11-16T22:45:11.000Z,b4d0f97b-08dd-4797-9d13-3f5ef2b50b64,16/11/2025,House garden,Pansy,Owen,
b4d0f97b-08dd-4797-9d13-3f5ef2b50b64,2025-11-16T22:43:48.000Z,2025-11-16T22:45:11.000Z,b4d0f97b-08dd-4797-9d13-3f5ef2b50b64,16/11/2025,House garden,Foxglove,Owen,
b4d0f97b-08dd-4797-9d13-3f5ef2b50b64,2025-11-16T22:43:48.000Z,2025-11-16T22:45:11.000Z,b4d0f97b-08dd-4797-9d13-3f5ef2b50b64,16/11/2025,House garden,Salvia,Owen,
b4d0f97b-08dd-4797-9d13-3f5ef2b50b64,2025-11-16T22:43:48.000Z,2025-11-16T22:45:11.000Z,b4d0f97b-08dd-4797-9d13-3f5ef2b50b64,16/11/2025,House garden,Eastern Cat-mint,Owen,
b4d0f97b-08dd-4797-9d13-3f5ef2b50b64,2025-11-16T22:43:48.000Z,2025-11-16T22:45:11.000Z,b4d0f97b-08dd-4797-9d13-3f5ef2b50b64,16/11/2025,House garden,Hollyhock,Owen,
5ef4b86d-5c89-4f37-8d1a-19b9d5e9aeec,2025-11-15T20:03:42.000Z,2025-11-15T20:03:53.000Z,5ef4b86d-5c89-4f37-8d1a-19b9d5e9aeec,15/11/2025,House garden,Hollyhock,Liz,
5ef4b86d-5c89-4f37-8d1a-19b9d5e9aeec,2025-11-15T20:03:42.000Z,2025-11-15T20:03:53.000Z,5ef4b86d-5c89-4f37-8d1a-19b9d5e9aeec,15/11/2025,House garden,Salvia,Liz,
5ef4b86d-5c89-4f37-8d1a-19b9d5e9aeec,2025-11-15T20:03:42.000Z,2025-11-15T20:03:53.000Z,5ef4b86d-5c89-4f37-8d1a-19b9d5e9aeec,15/11/2025,House garden,Eastern Cat-mint,Liz,
5ef4b86d-5c89-4f37-8d1a-19b9d5e9aeec,2025-11-15T20:03:42.000Z,2025-11-15T20:03:53.000Z,5ef4b86d-5c89-4f37-8d1a-19b9d5e9aeec,15/11/2025,House garden,Pansy,Liz,
5ef4b86d-5c89-4f37-8d1a-19b9d5e9aeec,2025-11-15T20:03:42.000Z,2025-11-15T20:03:53.000Z,5ef4b86d-5c89-4f37-8d1a-19b9d5e9aeec,15/11/2025,House garden,Foxglove,Liz,
d0b0e80b-06ab-4436-bb44-772aef8ddd85,2025-11-15T20:02:48.000Z,2025-11-15T20:03:50.000Z,d0b0e80b-06ab-4436-bb44-772aef8ddd85,15/11/2025,"""Native"" garden",Sweet Alyssum,Liz,
d0b0e80b-06ab-4436-bb44-772aef8ddd85,2025-11-15T20:02:48.000Z,2025-11-15T20:03:50.000Z,d0b0e80b-06ab-4436-bb44-772aef8ddd85,15/11/2025,"""Native"" garden",Pot Marigold,Liz,
d0b0e80b-06ab-4436-bb44-772aef8ddd85,2025-11-15T20:02:48.000Z,2025-11-15T20:03:50.000Z,d0b0e80b-06ab-4436-bb44-772aef8ddd85,15/11/2025,"""Native"" garden",Cornflower,Liz,
f4f73fe2-f641-4752-824f-b10f01870839,2025-11-14T18:22:29.000Z,2025-11-16T00:01:46.000Z,f4f73fe2-f641-4752-824f-b10f01870839,14/11/2025,Other,Chrysanthemum,Owen,
a5750815-a65b-4d6b-bd07-539a768597c3,2025-11-14T18:21:48.000Z,2025-11-16T00:01:44.000Z,a5750815-a65b-4d6b-bd07-539a768597c3,14/11/2025,House garden,Pansy,Owen,
a5750815-a65b-4d6b-bd07-539a768597c3,2025-11-14T18:21:48.000Z,2025-11-16T00:01:44.000Z,a5750815-a65b-4d6b-bd07-539a768597c3,14/11/2025,House garden,Foxglove,Owen,
a5750815-a65b-4d6b-bd07-539a768597c3,2025-11-14T18:21:48.000Z,2025-11-16T00:01:44.000Z,a5750815-a65b-4d6b-bd07-539a768597c3,14/11/2025,House garden,Eastern Cat-mint,Owen,
a5750815-a65b-4d6b-bd07-539a768597c3,2025-11-14T18:21:48.000Z,2025-11-16T00:01:44.000Z,a5750815-a65b-4d6b-bd07-539a768597c3,14/11/2025,House garden,Salvia,Owen,
a5750815-a65b-4d6b-bd07-539a768597c3,2025-11-14T18:21:48.000Z,2025-11-16T00:01:44.000Z,a5750815-a65b-4d6b-bd07-539a768597c3,14/11/2025,House garden,Hollyhock,Owen,
e185f114-2e0e-4c3c-b14a-5419cc895700,2025-11-14T18:21:04.000Z,2025-11-16T00:01:42.000Z,e185f114-2e0e-4c3c-b14a-5419cc895700,14/11/2025,"""Native"" garden",Pot Marigold,Owen,
e185f114-2e0e-4c3c-b14a-5419cc895700,2025-11-14T18:21:04.000Z,2025-11-16T00:01:42.000Z,e185f114-2e0e-4c3c-b14a-5419cc895700,14/11/2025,"""Native"" garden",Cornflower,Owen,
e185f114-2e0e-4c3c-b14a-5419cc895700,2025-11-14T18:21:04.000Z,2025-11-16T00:01:42.000Z,e185f114-2e0e-4c3c-b14a-5419cc895700,14/11/2025,"""Native"" garden",Sweet Alyssum,Owen,
d581f203-35a0-47b7-b466-869adaee360d,2025-11-12T22:29:25.000Z,2025-11-12T22:29:35.000Z,d581f203-35a0-47b7-b466-869adaee360d,12/11/2025,Other,Chrysanthemum,Owen,
75cd5dd2-ac92-4f64-9062-6163fee960ed,2025-11-12T22:28:58.000Z,2025-11-12T22:29:33.000Z,75cd5dd2-ac92-4f64-9062-6163fee960ed,12/11/2025,House garden,Hollyhock,Owen,
75cd5dd2-ac92-4f64-9062-6163fee960ed,2025-11-12T22:28:58.000Z,2025-11-12T22:29:33.000Z,75cd5dd2-ac92-4f64-9062-6163fee960ed,12/11/2025,House garden,Eastern Cat-mint,Owen,
75cd5dd2-ac92-4f64-9062-6163fee960ed,2025-11-12T22:28:58.000Z,2025-11-12T22:29:33.000Z,75cd5dd2-ac92-4f64-9062-6163fee960ed,12/11/2025,House garden,Salvia,Owen,
75cd5dd2-ac92-4f64-9062-6163fee960ed,2025-11-12T22:28:58.000Z,2025-11-12T22:29:33.000Z,75cd5dd2-ac92-4f64-9062-6163fee960ed,12/11/2025,House garden,Foxglove,Owen,
9eac543f-b882-41a9-abdc-350fae4c3bdb,2025-11-12T22:27:23.000Z,2025-11-12T22:29:30.000Z,9eac543f-b882-41a9-abdc-350fae4c3bdb,12/11/2025,"""Native"" garden",Cornflower,Owen,
9eac543f-b882-41a9-abdc-350fae4c3bdb,2025-11-12T22:27:23.000Z,2025-11-12T22:29:30.000Z,9eac543f-b882-41a9-abdc-350fae4c3bdb,12/11/2025,"""Native"" garden",Pot Marigold,Owen,
9eac543f-b882-41a9-abdc-350fae4c3bdb,2025-11-12T22:27:23.000Z,2025-11-12T22:29:30.000Z,9eac543f-b882-41a9-abdc-350fae4c3bdb,12/11/2025,"""Native"" garden",Plains Coreopsis,Owen,
9eac543f-b882-41a9-abdc-350fae4c3bdb,2025-11-12T22:27:23.000Z,2025-11-12T22:29:30.000Z,9eac543f-b882-41a9-abdc-350fae4c3bdb,12/11/2025,"""Native"" garden",Sweet Alyssum,Owen,
9eac543f-b882-41a9-abdc-350fae4c3bdb,2025-11-12T22:27:23.000Z,2025-11-12T22:29:30.000Z,9eac543f-b882-41a9-abdc-350fae4c3bdb,12/11/2025,"""Native"" garden",Black-eyed Susan,Owen,
4cfbc4d6-0d2a-4b0f-83ec-6f224f04a843,2025-11-11T23:26:38.000Z,2025-11-11T23:26:48.000Z,4cfbc4d6-0d2a-4b0f-83ec-6f224f04a843,11/11/2025,Other,Chrysanthemum,Owen,
c99d2f9e-70d9-4a1e-b017-3227036ae781,2025-11-11T23:26:19.000Z,2025-11-11T23:26:46.000Z,c99d2f9e-70d9-4a1e-b017-3227036ae781,11/11/2025,House garden,Hollyhock,Owen,
c99d2f9e-70d9-4a1e-b017-3227036ae781,2025-11-11T23:26:19.000Z,2025-11-11T23:26:46.000Z,c99d2f9e-70d9-4a1e-b017-3227036ae781,11/11/2025,House garden,Gerbera,Owen,
c99d2f9e-70d9-4a1e-b017-3227036ae781,2025-11-11T23:26:19.000Z,2025-11-11T23:26:46.000Z,c99d2f9e-70d9-4a1e-b017-3227036ae781,11/11/2025,House garden,Salvia,Owen,
39ffefb3-d6f7-4c37-b738-4e89cee945aa,2025-11-11T23:25:43.000Z,2025-11-11T23:26:44.000Z,39ffefb3-d6f7-4c37-b738-4e89cee945aa,11/11/2025,"""Native"" garden",Plains Coreopsis,Owen,
39ffefb3-d6f7-4c37-b738-4e89cee945aa,2025-11-11T23:25:43.000Z,2025-11-11T23:26:44.000Z,39ffefb3-d6f7-4c37-b738-4e89cee945aa,11/11/2025,"""Native"" garden",Pot Marigold,Owen,
39ffefb3-d6f7-4c37-b738-4e89cee945aa,2025-11-11T23:25:43.000Z,2025-11-11T23:26:44.000Z,39ffefb3-d6f7-4c37-b738-4e89cee945aa,11/11/2025,"""Native"" garden",Cornflower,Owen,
8f2de8f0-0ce3-4421-bea8-e5f604aa7a01,2025-11-10T22:37:14.000Z,2025-11-10T22:37:42.000Z,8f2de8f0-0ce3-4421-bea8-e5f604aa7a01,09/11/2025,House garden,Foxglove,Owen,
d7c4e996-b1e6-48f8-ada4-ae79f48db127,2025-11-10T22:36:53.000Z,2025-11-10T22:37:40.000Z,d7c4e996-b1e6-48f8-ada4-ae79f48db127,08/11/2025,House garden,Foxglove,Owen,
73507cfa-5710-4499-a6a4-4664331b90c3,2025-11-10T22:36:16.000Z,2025-11-10T22:37:37.000Z,73507cfa-5710-4499-a6a4-4664331b90c3,07/11/2025,House garden,Foxglove,Owen,
7b027b48-d422-4680-9263-56ee37da1121,2025-11-10T22:35:56.000Z,2025-11-10T22:37:35.000Z,7b027b48-d422-4680-9263-56ee37da1121,06/11/2025,House garden,Foxglove,Owen,
b397d220-468f-460d-b046-cf046cbf763e,2025-11-10T22:35:35.000Z,2025-11-10T22:37:32.000Z,b397d220-468f-460d-b046-cf046cbf763e,05/11/2025,House garden,Foxglove,Owen,
d3d1645b-bba4-46f9-a354-3683083a9ea7,2025-11-10T19:22:34.000Z,2025-11-10T19:22:50.000Z,d3d1645b-bba4-46f9-a354-3683083a9ea7,10/11/2025,Other,Chrysanthemum,Owen,
aa55867d-f98d-457b-92c9-1d9fd800ff65,2025-11-10T19:22:16.000Z,2025-11-10T19:22:48.000Z,aa55867d-f98d-457b-92c9-1d9fd800ff65,10/11/2025,House garden,Hollyhock,Owen,
aa55867d-f98d-457b-92c9-1d9fd800ff65,2025-11-10T19:22:16.000Z,2025-11-10T19:22:48.000Z,aa55867d-f98d-457b-92c9-1d9fd800ff65,10/11/2025,House garden,Gerbera,Owen,
aa55867d-f98d-457b-92c9-1d9fd800ff65,2025-11-10T19:22:16.000Z,2025-11-10T19:22:48.000Z,aa55867d-f98d-457b-92c9-1d9fd800ff65,10/11/2025,House garden,Salvia,Owen,
60cabd79-2fdd-4109-8f93-ead3c0590299,2025-11-10T19:21:42.000Z,2025-11-10T19:22:46.000Z,60cabd79-2fdd-4109-8f93-ead3c0590299,10/11/2025,"""Native"" garden",Plains Coreopsis,Owen,
60cabd79-2fdd-4109-8f93-ead3c0590299,2025-11-10T19:21:42.000Z,2025-11-10T19:22:46.000Z,60cabd79-2fdd-4109-8f93-ead3c0590299,10/11/2025,"""Native"" garden",Pot Marigold,Owen,
60cabd79-2fdd-4109-8f93-ead3c0590299,2025-11-10T19:21:42.000Z,2025-11-10T19:22:46.000Z,60cabd79-2fdd-4109-8f93-ead3c0590299,10/11/2025,"""Native"" garden",Firewheel,Owen,
60cabd79-2fdd-4109-8f93-ead3c0590299,2025-11-10T19:21:42.000Z,2025-11-10T19:22:46.000Z,60cabd79-2fdd-4109-8f93-ead3c0590299,10/11/2025,"""Native"" garden",Cosmos,Owen,
60cabd79-2fdd-4109-8f93-ead3c0590299,2025-11-10T19:21:42.000Z,2025-11-10T19:22:46.000Z,60cabd79-2fdd-4109-8f93-ead3c0590299,10/11/2025,"""Native"" garden",Cornflower,Owen,
512946c8-fa44-4f6d-8940-086c47e06c3c,2025-11-09T19:15:08.000Z,2025-11-09T19:15:21.000Z,512946c8-fa44-4f6d-8940-086c47e06c3c,09/11/2025,House garden,Pansy,Owen,
bf4df186-7c97-4398-8515-025f11efc2b6,2025-11-09T18:48:34.000Z,2025-11-09T19:15:19.000Z,bf4df186-7c97-4398-8515-025f11efc2b6,09/11/2025,Other,Chrysanthemum,Owen,
a91add7a-cbf7-458d-8c85-4c0aef356e30,2025-11-09T18:47:53.000Z,2025-11-09T19:15:16.000Z,a91add7a-cbf7-458d-8c85-4c0aef356e30,09/11/2025,House garden,Hollyhock,Owen,
a91add7a-cbf7-458d-8c85-4c0aef356e30,2025-11-09T18:47:53.000Z,2025-11-09T19:15:16.000Z,a91add7a-cbf7-458d-8c85-4c0aef356e30,09/11/2025,House garden,Gerbera,Owen,
a91add7a-cbf7-458d-8c85-4c0aef356e30,2025-11-09T18:47:53.000Z,2025-11-09T19:15:16.000Z,a91add7a-cbf7-458d-8c85-4c0aef356e30,09/11/2025,House garden,Celosia,Owen,
a91add7a-cbf7-458d-8c85-4c0aef356e30,2025-11-09T18:47:53.000Z,2025-11-09T19:15:16.000Z,a91add7a-cbf7-458d-8c85-4c0aef356e30,09/11/2025,House garden,Eastern Cat-mint,Owen,
a91add7a-cbf7-458d-8c85-4c0aef356e30,2025-11-09T18:47:53.000Z,2025-11-09T19:15:16.000Z,a91add7a-cbf7-458d-8c85-4c0aef356e30,09/11/2025,House garden,Salvia,Owen,
4c64aa15-3d30-4a0e-91d7-2f9bb15c3c6c,2025-11-09T18:46:48.000Z,2025-11-09T19:15:14.000Z,4c64aa15-3d30-4a0e-91d7-2f9bb15c3c6c,09/11/2025,"""Native"" garden",Zinnia,Owen,
4c64aa15-3d30-4a0e-91d7-2f9bb15c3c6c,2025-11-09T18:46:48.000Z,2025-11-09T19:15:14.000Z,4c64aa15-3d30-4a0e-91d7-2f9bb15c3c6c,09/11/2025,"""Native"" garden",Plains Coreopsis,Owen,
4c64aa15-3d30-4a0e-91d7-2f9bb15c3c6c,2025-11-09T18:46:48.000Z,2025-11-09T19:15:14.000Z,4c64aa15-3d30-4a0e-91d7-2f9bb15c3c6c,09/11/2025,"""Native"" garden",Pot Marigold,Owen,
4c64aa15-3d30-4a0e-91d7-2f9bb15c3c6c,2025-11-09T18:46:48.000Z,2025-11-09T19:15:14.000Z,4c64aa15-3d30-4a0e-91d7-2f9bb15c3c6c,09/11/2025,"""Native"" garden",Black-eyed Susan,Owen,
4c64aa15-3d30-4a0e-91d7-2f9bb15c3c6c,2025-11-09T18:46:48.000Z,2025-11-09T19:15:14.000Z,4c64aa15-3d30-4a0e-91d7-2f9bb15c3c6c,09/11/2025,"""Native"" garden",Sweet Alyssum,Owen,
4c64aa15-3d30-4a0e-91d7-2f9bb15c3c6c,2025-11-09T18:46:48.000Z,2025-11-09T19:15:14.000Z,4c64aa15-3d30-4a0e-91d7-2f9bb15c3c6c,09/11/2025,"""Native"" garden",Firewheel,Owen,
4c64aa15-3d30-4a0e-91d7-2f9bb15c3c6c,2025-11-09T18:46:48.000Z,2025-11-09T19:15:14.000Z,4c64aa15-3d30-4a0e-91d7-2f9bb15c3c6c,09/11/2025,"""Native"" garden",Cornflower,Owen,
4c64aa15-3d30-4a0e-91d7-2f9bb15c3c6c,2025-11-09T18:46:48.000Z,2025-11-09T19:15:14.000Z,4c64aa15-3d30-4a0e-91d7-2f9bb15c3c6c,09/11/2025,"""Native"" garden",Cosmos,Owen,
4c64aa15-3d30-4a0e-91d7-2f9bb15c3c6c,2025-11-09T18:46:48.000Z,2025-11-09T19:15:14.000Z,4c64aa15-3d30-4a0e-91d7-2f9bb15c3c6c,09/11/2025,"""Native"" garden",Bluemink,Owen,
4c64aa15-3d30-4a0e-91d7-2f9bb15c3c6c,2025-11-09T18:46:48.000Z,2025-11-09T19:15:14.000Z,4c64aa15-3d30-4a0e-91d7-2f9bb15c3c6c,09/11/2025,"""Native"" garden",Celosia,Owen,
4c64aa15-3d30-4a0e-91d7-2f9bb15c3c6c,2025-11-09T18:46:48.000Z,2025-11-09T19:15:14.000Z,4c64aa15-3d30-4a0e-91d7-2f9bb15c3c6c,09/11/2025,"""Native"" garden",Sweet William Catchfly,Owen,
e414adf1-c964-4fa7-8f8e-4b1bed38ccc5,2025-11-08T23:26:33.000Z,2025-11-08T23:26:49.000Z,e414adf1-c964-4fa7-8f8e-4b1bed38ccc5,08/11/2025,House garden,Hollyhock,Liz,
e414adf1-c964-4fa7-8f8e-4b1bed38ccc5,2025-11-08T23:26:33.000Z,2025-11-08T23:26:49.000Z,e414adf1-c964-4fa7-8f8e-4b1bed38ccc5,08/11/2025,House garden,Gerbera,Liz,
e414adf1-c964-4fa7-8f8e-4b1bed38ccc5,2025-11-08T23:26:33.000Z,2025-11-08T23:26:49.000Z,e414adf1-c964-4fa7-8f8e-4b1bed38ccc5,08/11/2025,House garden,Salvia,Liz,
e414adf1-c964-4fa7-8f8e-4b1bed38ccc5,2025-11-08T23:26:33.000Z,2025-11-08T23:26:49.000Z,e414adf1-c964-4fa7-8f8e-4b1bed38ccc5,08/11/2025,House garden,Eastern Cat-mint,Liz,
83caa736-53bb-4bca-9dfa-4df4d91b9399,2025-11-08T23:26:20.000Z,2025-11-08T23:26:34.000Z,83caa736-53bb-4bca-9dfa-4df4d91b9399,08/11/2025,Other,Chrysanthemum,Owen,
a7f8a00e-2c48-4bd4-b9f5-877503f84eef,2025-11-08T23:26:02.000Z,2025-11-08T23:26:32.000Z,a7f8a00e-2c48-4bd4-b9f5-877503f84eef,08/11/2025,"""Native"" garden",Zinnia,Owen,
a7f8a00e-2c48-4bd4-b9f5-877503f84eef,2025-11-08T23:26:02.000Z,2025-11-08T23:26:32.000Z,a7f8a00e-2c48-4bd4-b9f5-877503f84eef,08/11/2025,"""Native"" garden",Plains Coreopsis,Owen,
a7f8a00e-2c48-4bd4-b9f5-877503f84eef,2025-11-08T23:26:02.000Z,2025-11-08T23:26:32.000Z,a7f8a00e-2c48-4bd4-b9f5-877503f84eef,08/11/2025,"""Native"" garden",Pot Marigold,Owen,
a7f8a00e-2c48-4bd4-b9f5-877503f84eef,2025-11-08T23:26:02.000Z,2025-11-08T23:26:32.000Z,a7f8a00e-2c48-4bd4-b9f5-877503f84eef,08/11/2025,"""Native"" garden",Black-eyed Susan,Owen,
a7f8a00e-2c48-4bd4-b9f5-877503f84eef,2025-11-08T23:26:02.000Z,2025-11-08T23:26:32.000Z,a7f8a00e-2c48-4bd4-b9f5-877503f84eef,08/11/2025,"""Native"" garden",Sweet Alyssum,Owen,
a7f8a00e-2c48-4bd4-b9f5-877503f84eef,2025-11-08T23:26:02.000Z,2025-11-08T23:26:32.000Z,a7f8a00e-2c48-4bd4-b9f5-877503f84eef,08/11/2025,"""Native"" garden",Firewheel,Owen,
a7f8a00e-2c48-4bd4-b9f5-877503f84eef,2025-11-08T23:26:02.000Z,2025-11-08T23:26:32.000Z,a7f8a00e-2c48-4bd4-b9f5-877503f84eef,08/11/2025,"""Native"" garden",Sweet William Catchfly,Owen,
a7f8a00e-2c48-4bd4-b9f5-877503f84eef,2025-11-08T23:26:02.000Z,2025-11-08T23:26:32.000Z,a7f8a00e-2c48-4bd4-b9f5-877503f84eef,08/11/2025,"""Native"" garden",Bluemink,Owen,
a7f8a00e-2c48-4bd4-b9f5-877503f84eef,2025-11-08T23:26:02.000Z,2025-11-08T23:26:32.000Z,a7f8a00e-2c48-4bd4-b9f5-877503f84eef,08/11/2025,"""Native"" garden",Celosia,Owen,
a7f8a00e-2c48-4bd4-b9f5-877503f84eef,2025-11-08T23:26:02.000Z,2025-11-08T23:26:32.000Z,a7f8a00e-2c48-4bd4-b9f5-877503f84eef,08/11/2025,"""Native"" garden",Cosmos,Owen,
a7f8a00e-2c48-4bd4-b9f5-877503f84eef,2025-11-08T23:26:02.000Z,2025-11-08T23:26:32.000Z,a7f8a00e-2c48-4bd4-b9f5-877503f84eef,08/11/2025,"""Native"" garden",Cornflower,Owen,
b9d098b4-632e-42c5-ba87-70ed4bd325c7,2025-11-07T23:21:40.000Z,2025-11-07T23:21:57.000Z,b9d098b4-632e-42c5-ba87-70ed4bd325c7,07/11/2025,House garden,Celosia,Owen,
ba170d3d-a3ed-4da5-b846-98f547bd7ce0,2025-11-07T23:21:23.000Z,2025-11-07T23:21:55.000Z,ba170d3d-a3ed-4da5-b846-98f547bd7ce0,07/11/2025,"""Native"" garden",Celosia,Owen,
497a0169-d069-4889-9f01-74188f238b05,2025-11-07T23:21:02.000Z,2025-11-07T23:21:53.000Z,497a0169-d069-4889-9f01-74188f238b05,06/11/2025,House garden,Celosia,Owen,
d33ca469-f62e-4477-8401-3f286bd96d6a,2025-11-07T23:20:39.000Z,2025-11-07T23:21:50.000Z,d33ca469-f62e-4477-8401-3f286bd96d6a,06/11/2025,"""Native"" garden",Celosia,Owen,
1b13cb2d-063c-48ee-9df9-d1d002b8208b,2025-11-07T23:20:22.000Z,2025-11-07T23:21:47.000Z,1b13cb2d-063c-48ee-9df9-d1d002b8208b,05/11/2025,House garden,Celosia,Owen,
81208dde-c81d-4c08-9d1c-6f765d0a3dcd,2025-11-07T23:20:06.000Z,2025-11-07T23:21:45.000Z,81208dde-c81d-4c08-9d1c-6f765d0a3dcd,05/11/2025,"""Native"" garden",Celosia,Owen,
2c82e15a-d5ba-4cdc-ba83-cdb1a23ab65c,2025-11-07T22:57:38.000Z,2025-11-07T22:58:14.000Z,2c82e15a-d5ba-4cdc-ba83-cdb1a23ab65c,07/11/2025,House garden,Gerbera,Liz,Celosia not listed in house or native garden
2c82e15a-d5ba-4cdc-ba83-cdb1a23ab65c,2025-11-07T22:57:38.000Z,2025-11-07T22:58:14.000Z,2c82e15a-d5ba-4cdc-ba83-cdb1a23ab65c,07/11/2025,House garden,Salvia,Liz,Celosia not listed in house or native garden
2c82e15a-d5ba-4cdc-ba83-cdb1a23ab65c,2025-11-07T22:57:38.000Z,2025-11-07T22:58:14.000Z,2c82e15a-d5ba-4cdc-ba83-cdb1a23ab65c,07/11/2025,House garden,Eastern Cat-mint,Liz,Celosia not listed in house or native garden
2c82e15a-d5ba-4cdc-ba83-cdb1a23ab65c,2025-11-07T22:57:38.000Z,2025-11-07T22:58:14.000Z,2c82e15a-d5ba-4cdc-ba83-cdb1a23ab65c,07/11/2025,House garden,Hollyhock,Liz,Celosia not listed in house or native garden
6600e0f5-47cc-4792-88a0-a277b1081f07,2025-11-07T22:55:30.000Z,2025-11-07T23:23:54.000Z,6600e0f5-47cc-4792-88a0-a277b1081f07,07/11/2025,Other,Chrysanthemum,Liz,
a9cfe024-a511-4fcd-99da-94fbce55f5ac,2025-11-07T22:54:51.000Z,2025-11-07T23:25:49.000Z,a9cfe024-a511-4fcd-99da-94fbce55f5ac,07/11/2025,"""Native"" garden",Zinnia,Liz,Woohoo
a9cfe024-a511-4fcd-99da-94fbce55f5ac,2025-11-07T22:54:51.000Z,2025-11-07T23:25:49.000Z,a9cfe024-a511-4fcd-99da-94fbce55f5ac,07/11/2025,"""Native"" garden",Plains Coreopsis,Liz,Woohoo
a9cfe024-a511-4fcd-99da-94fbce55f5ac,2025-11-07T22:54:51.000Z,2025-11-07T23:25:49.000Z,a9cfe024-a511-4fcd-99da-94fbce55f5ac,07/11/2025,"""Native"" garden",Pot Marigold,Liz,Woohoo
a9cfe024-a511-4fcd-99da-94fbce55f5ac,2025-11-07T22:54:51.000Z,2025-11-07T23:25:49.000Z,a9cfe024-a511-4fcd-99da-94fbce55f5ac,07/11/2025,"""Native"" garden",Firewheel,Liz,Woohoo
a9cfe024-a511-4fcd-99da-94fbce55f5ac,2025-11-07T22:54:51.000Z,2025-11-07T23:25:49.000Z,a9cfe024-a511-4fcd-99da-94fbce55f5ac,07/11/2025,"""Native"" garden",Cornflower,Liz,Woohoo
a9cfe024-a511-4fcd-99da-94fbce55f5ac,2025-11-07T22:54:51.000Z,2025-11-07T23:25:49.000Z,a9cfe024-a511-4fcd-99da-94fbce55f5ac,07/11/2025,"""Native"" garden",Cosmos,Liz,Woohoo
a9cfe024-a511-4fcd-99da-94fbce55f5ac,2025-11-07T22:54:51.000Z,2025-11-07T23:25:49.000Z,a9cfe024-a511-4fcd-99da-94fbce55f5ac,07/11/2025,"""Native"" garden",Bluemink,Liz,Woohoo
a9cfe024-a511-4fcd-99da-94fbce55f5ac,2025-11-07T22:54:51.000Z,2025-11-07T23:25:49.000Z,a9cfe024-a511-4fcd-99da-94fbce55f5ac,07/11/2025,"""Native"" garden",Black-eyed Susan,Liz,Woohoo
a9cfe024-a511-4fcd-99da-94fbce55f5ac,2025-11-07T22:54:51.000Z,2025-11-07T23:25:49.000Z,a9cfe024-a511-4fcd-99da-94fbce55f5ac,07/11/2025,"""Native"" garden",Sweet Alyssum,Liz,Woohoo
a9cfe024-a511-4fcd-99da-94fbce55f5ac,2025-11-07T22:54:51.000Z,2025-11-07T23:25:49.000Z,a9cfe024-a511-4fcd-99da-94fbce55f5ac,07/11/2025,"""Native"" garden",Sweet William Catchfly,Liz,Woohoo